report_date,tBalance,yBalance,total_purchase_amt,direct_purchase_amt,purchase_bal_amt,purchase_bank_amt,total_redeem_amt,consume_amt,transfer_amt,tftobal_amt,tftocard_amt,share_amt,category1,category2,category3,category4,index,Interest_O_N,Interest_1_W,Interest_2_W,Interest_1_M,Interest_3_M,Interest_6_M,Interest_9_M,Interest_1_Y,mfd_daily_yield,mfd_7daily_yield
2014-04-01,20592900643,20417009416,453320585,450478122,146539591,303938531,277429358,49540539,227888819,37116613,190772206,2842463,16208162.0,13781112.0,280000.0,19271265.0,188.0,2.866,4.205,4.503,4.6,5.5,5.0,5.0,5.0,1.4368,5.356
2014-04-02,20675635695,20592900643,355347118,352449616,141024158,211425458,272612066,51040952,221571114,28301147,193269967,2897502,16141646.0,21068826.0,200000.0,13630480.0,189.0,2.95,4.225,4.504,4.6,5.5,5.0,5.0,5.0,1.4369999999999998,5.357
2014-04-03,20772907358,20675635695,363877120,360958034,165866758,195091276,266605457,45762040,220843417,46915541,173927876,2919086,12047671.0,14437186.0,380000.0,18897183.0,190.0,2.95,4.103,4.457,4.6,5.5,5.0,5.0,5.0,1.4364,5.362
2014-04-04,20824610615,20772907358,251895894,248968008,62838487,186129521,200192637,37871189,162321448,35154471,127166977,2927886,14199433.0,12740751.0,1000000.0,9931005.0,191.0,2.763,2.997,4.278,4.597,5.5,5.0,5.0,5.0,1.4338,5.367000000000001
2014-04-05,20863747475,20824610615,202336542,199391149,68763348,130627801,163199682,43889726,119309956,23061774,96248182,2945393,19793373.0,13249520.0,0.0,10846833.0,191.0,2.763,2.997,4.278,4.597,5.5,5.0,5.0,5.0,1.4338,5.367000000000001
2014-04-06,20853648046,20863747475,129477254,126550557,36688261,89862296,139576683,29557907,110018776,41472248,68546528,2926697,21741519.0,1500329.0,0.0,6316059.0,191.0,2.763,2.997,4.278,4.597,5.5,5.0,5.0,5.0,1.4338,5.367000000000001
2014-04-07,20873617708,20853648046,196936223,194021386,64582752,129438634,176966561,40119763,136846798,35095605,101751193,2914837,16019023.0,11785356.0,0.0,12315384.0,191.0,2.763,2.997,4.278,4.597,5.5,5.0,5.0,5.0,1.4338,5.367000000000001
2014-04-08,20978372726,20873617708,354770149,351854096,104834487,247019609,250015131,44570398,205444733,31814997,173629736,2916053,19314599.0,7143351.0,1500000.0,16612448.0,192.0,2.713,3.591,4.21,4.437,5.5,5.0,5.0,5.0,1.4263,5.367999999999999
2014-04-09,21072390013,20978372726,383347565,380410136,150308931,230101205,289330278,50308002,239022276,37522743,201499533,2937429,18615068.0,12029732.0,5000000.0,14663202.0,193.0,2.74,3.67,4.182,4.401,5.5,5.0,5.0,5.0,1.4239,5.36
2014-04-10,21172042609,21072390013,386567460,383627601,164835943,218791658,286914864,53154622,233760242,44846276,188913966,2939859,22256126.0,18501491.0,0.0,12397005.0,194.0,2.74,3.708,3.715,4.375,5.5,5.0,5.0,5.0,1.4202,5.351
2014-04-11,21132795057,21172042609,237829882,234895147,71143892,163751255,277077434,84205696,192871738,31674982,161196756,2934735,22915837.0,19982491.0,30000000.0,11307368.0,195.0,2.75,3.701,3.703,4.209,5.5,5.0,5.0,5.0,1.4106,5.3389999999999995
2014-04-12,21187141790,21132795057,177642053,174695525,63462337,111233188,123295320,39287860,84007460,23075537,60931923,2946528,18311613.0,10760873.0,1000000.0,9215374.0,195.0,2.75,3.701,3.703,4.209,5.5,5.0,5.0,5.0,1.4106,5.3389999999999995
2014-04-13,21216380053,21187141790,208172985,205239452,95888440,109351012,178934722,50587988,128346734,16961535,111385199,2933533,21354731.0,7508517.0,6000000.0,15724740.0,195.0,2.75,3.701,3.703,4.209,5.5,5.0,5.0,5.0,1.4106,5.3389999999999995
2014-04-14,21110246338,21216380053,309853269,306943182,110231602,196711580,415986984,40950669,375036315,48560908,326475407,2910087,16499997.0,13988693.0,1600000.0,8861979.0,196.0,2.639,3.57,3.7,4.165,5.5,5.0,5.0,5.0,1.4048,5.3
2014-04-15,21253634493,21110246338,428681231,425805725,166536898,259268827,285293076,35499014,249794062,25902576,223891486,2875506,8301757.0,11161767.0,0.0,16035490.0,197.0,2.449,3.444,3.388,4.102,5.5,5.0,5.0,5.0,1.4022,5.287000000000001
2014-04-16,21385567691,21253634493,387847838,384939019,153844890,231094129,255914640,43923418,211991222,34265047,177726175,2908819,11575616.0,14041543.0,500000.0,17806259.0,198.0,2.298,2.726,3.003,4.085,5.5,5.0,5.0,5.0,1.3958,5.272
2014-04-17,21476018746,21385567691,355792647,352880124,159555287,193324837,265341592,38627405,226714187,43037306,183676881,2912523,13706522.0,15642976.0,0.0,9277907.0,199.0,2.181,2.721,2.764,4.06,5.5,5.0,5.0,5.0,1.3866,5.252999999999999
2014-04-18,21489366220,21476018746,239300383,236377510,73108437,163269073,225952909,32020413,193932496,42736396,151196100,2922873,12809085.0,7519332.0,100000.0,11591996.0,200.0,2.0,2.761,2.782,3.93,5.5,5.0,5.0,5.0,1.3841,5.239
2014-04-19,21611720646,21489366220,268729366,265789873,146828058,118961815,146374940,33261685,113113255,27904791,85208464,2939493,10339303.0,6045501.0,100000.0,16776881.0,200.0,2.0,2.761,2.782,3.93,5.5,5.0,5.0,5.0,1.3841,5.239
2014-04-20,21641922394,21611720646,191259529,188336377,71649902,116686475,161057781,35438855,125618926,40827019,84791907,2923152,13594139.0,11989773.0,200000.0,9654943.0,200.0,2.0,2.761,2.782,3.93,5.5,5.0,5.0,5.0,1.3841,5.239
2014-04-21,21647421805,21641922394,301134667,298219498,109912061,188307437,295635256,65340198,230295058,40422597,189872461,2915169,26604522.0,9785580.0,10000000.0,18950096.0,201.0,1.98,2.713,2.994,3.767,5.5,5.0,5.0,5.0,1.3866,5.2
2014-04-22,21663860421,21647421805,285248757,282350142,94938709,187411433,268810141,46610311,222199830,46793868,175405962,2898615,20659354.0,9066361.0,3500000.0,13384596.0,202.0,1.9262,3.029,3.311,3.808,5.5,5.0,5.0,5.0,1.3813,5.188
2014-04-23,21699066792,21663860421,313677307,310757394,101574511,209182883,278470936,47960929,230510007,59708761,170801246,2919913,19546607.0,6627122.0,0.0,21787200.0,203.0,1.963,3.08,3.715,3.9511,5.5,5.0,5.0,5.0,1.3654,5.171
2014-04-24,21792888929,21699066792,318358891,315468612,141918866,173549746,224536754,43022139,181514615,33308384,148206231,2890279,18081663.0,7820522.0,0.0,17119954.0,204.0,2.303,3.521,4.147,4.32,5.5,5.0,5.0,5.0,1.3515,5.152
2014-04-25,21786052069,21792888929,220927432,218042417,83493221,134549196,227764292,41053152,186711140,30947018,155764122,2885015,22010904.0,6160902.0,0.0,12881346.0,205.0,2.31,3.503,4.329,4.286,5.49,5.0,5.0,5.0,1.344,5.13
2014-04-26,21779554522,21786052069,151625415,148727987,56777731,91950256,158122962,34986838,123136124,19403230,103732894,2897428,20485811.0,4358700.0,0.0,10142327.0,205.0,2.31,3.503,4.329,4.286,5.49,5.0,5.0,5.0,1.344,5.13
2014-04-27,21734477096,21779554522,146837951,143955720,61671443,82284277,191915377,28315151,163600226,56209644,107390582,2882231,13113694.0,5166372.0,500000.0,9535085.0,205.0,2.31,3.503,4.329,4.286,5.49,5.0,5.0,5.0,1.344,5.13
2014-04-28,21731689633,21734477096,324937272,322059893,125000679,197059214,327724735,53228205,274496530,58440825,216055705,2877379,29942962.0,9068195.0,0.0,14217048.0,206.0,2.406,4.025,4.543,4.6,5.4982,5.0,5.0,5.0,1.3506,5.067
2014-04-29,21754718388,21731689633,330607104,327753580,127521090,200232490,307578349,48275458,259302891,68367067,190935824,2853524,16959147.0,12786405.0,5500000.0,13029906.0,207.0,2.604,4.0738,4.885,4.593,5.5,5.0,5.0,5.0,1.3459999999999999,5.048
2014-04-30,21732973743,21754718388,260091330,257193410,79931074,177262336,281835975,61314568,220521407,48418212,172103195,2897920,32431548.0,14736022.0,2000000.0,12146998.0,208.0,2.5,4.134,4.176,4.604,5.495,5.0,5.0,5.0,1.3511,5.04
2014-05-01,21782656094,21732973743,193045106,190175350,58404844,131770506,143362755,46481549,96881206,18924739,77956467,2869756,20007633.0,15114464.0,0.0,11359452.0,208.0,2.5,4.134,4.176,4.604,5.495,5.0,5.0,5.0,1.3511,5.04
2014-05-02,21786770288,21782656094,125336258,122453074,33113882,89339192,121222064,24171256,97050808,24940239,72110569,2883184,8038233.0,5887972.0,0.0,10245051.0,208.0,2.5,4.134,4.176,4.604,5.495,5.0,5.0,5.0,1.3511,5.04
2014-05-03,21772296733,21786770288,185094488,182203439,54073496,128129943,199568043,41506485,158061558,44076367,113985191,2891049,19600662.0,11321084.0,80000.0,10504739.0,208.0,2.5,4.134,4.176,4.604,5.495,5.0,5.0,5.0,1.3511,5.04
2014-05-04,21662162261,21772296733,303087562,300180905,88981143,211199762,413222034,65972622,347249412,53215849,294033563,2906657,30053897.0,18155143.0,2000000.0,15763582.0,209.0,2.4,3.683,3.708,4.5,5.482,5.0,5.0,5.0,1.3543,5.029
2014-05-05,21723755629,21662162261,370924149,368099706,102948704,265151002,309330781,66043856,243286925,50320676,192966249,2824443,19063438.0,18803977.0,9800000.0,18376441.0,210.0,2.37,3.14,3.158,4.058,5.4655,5.0,5.0,5.0,1.3378,5.022
2014-05-06,21700649661,21723755629,318002728,315096777,81567892,233528885,341108696,61126871,279981825,43725251,236256574,2905951,28463064.0,19529487.0,0.0,13134320.0,211.0,2.37,3.092,3.158,3.941,5.4474,5.0,5.0,5.0,1.3831,5.042
2014-05-07,21878604180,21700649661,417327518,414463880,164553784,249910096,239372999,40650214,198722785,50672610,148050175,2863638,15217788.0,10674770.0,200000.0,14557656.0,212.0,2.37,3.1125,3.092,3.882,5.4167,5.0,5.0,5.0,1.3393,5.0360000000000005
2014-05-08,21998255437,21878604180,392838756,390000657,156177372,233823285,273187499,47941936,225245563,31709467,193536096,2838099,21313500.0,12667055.0,500000.0,13461381.0,213.0,2.23,3.204,3.106,3.79,5.3992,5.0,5.0,5.0,1.3221,5.0280000000000005
2014-05-09,22031990475,21998255437,281479009,278616335,127662531,150953804,247743971,48319772,199424199,25566249,173857950,2862674,19011357.0,12793116.0,0.0,16515299.0,214.0,2.2205,3.194,3.121,3.773,5.3909,5.0,5.0,5.0,1.3244,5.022
2014-05-10,22171982318,22031990475,287240171,284388148,79585779,204802369,147248328,38040745,109207583,28255521,80952062,2852023,17043831.0,7918673.0,0.0,13078241.0,214.0,2.2205,3.194,3.121,3.773,5.3909,5.0,5.0,5.0,1.3244,5.022
2014-05-11,22201460800,22171982318,182424063,179585742,55148430,124437312,152945581,38400973,114544608,22454098,92090510,2838321,23244761.0,4769740.0,0.0,10386472.0,214.0,2.2205,3.194,3.121,3.773,5.3909,5.0,5.0,5.0,1.3244,5.022
2014-05-12,22232616489,22201460800,325108597,322293245,95909491,226383754,293952908,48093256,245859652,34572657,211286995,2815352,23459482.0,11948012.0,0.0,12685762.0,215.0,2.2135,3.18,3.198,3.66,5.3764,5.0,5.0,5.0,1.3083,4.968999999999999
2014-05-13,22249939607,22232616489,275241493,272439137,91142159,181296978,257918375,61456142,196462233,20219614,176242619,2802356,22002316.0,20692588.0,0.0,18761238.0,216.0,2.35,3.181,3.2498,3.617,5.3414,5.0,5.0,5.0,1.3022,4.9239999999999995
2014-05-14,22239188687,22249939607,305474522,302621995,100837254,201784741,316225442,45318037,270907405,25171614,245735791,2852527,12943426.0,21431187.0,0.0,10943424.0,217.0,2.3666,3.236,3.233,3.5675,5.3198,5.0,5.0,5.0,1.2986,4.902
2014-05-15,22314248133,22239188687,313367089,310522196,93964517,216557679,238307643,37879297,200428346,39601697,160826649,2844893,13850161.0,10501873.0,0.0,13527263.0,218.0,2.35,3.1355,3.202,3.651,5.2665,5.0,5.0,5.0,1.2971,4.888
2014-05-16,22264120640,22314248133,231967423,229109632,72479256,156630376,282094916,37551420,244543496,40061114,204482382,2857791,17461049.0,8162758.0,0.0,11927613.0,219.0,2.37,3.129,3.127,3.69,5.2418,5.0,5.0,5.01,1.2986,4.874
2014-05-17,22289250136,22264120640,170983868,168161205,50405690,117755515,145854372,32944450,112909922,36624963,76284959,2822663,14418686.0,8480027.0,400000.0,9645737.0,219.0,2.37,3.129,3.127,3.69,5.2418,5.0,5.0,5.01,1.2986,4.874
2014-05-18,22300229759,22289250136,164419642,161609998,51132867,110477131,153440019,40062277,113377742,26863477,86514265,2809644,13566710.0,11286898.0,0.0,15208669.0,219.0,2.37,3.129,3.127,3.69,5.2418,5.0,5.0,5.01,1.2986,4.874
2014-05-19,22265516283,22300229759,259077930,256179008,71313677,184865331,293791406,51391608,242399798,60660169,181739629,2898922,23700171.0,11164863.0,400000.0,16126574.0,220.0,2.396,3.1,3.1318,3.736,5.2142,5.0,5.0,5.011,1.3283,4.853
2014-05-20,22459430866,22265516283,453955303,451059660,243711613,207348047,260040720,47536760,212503960,22815508,189688452,2895643,15528877.0,17605031.0,1000000.0,13402852.0,221.0,2.427,3.361,3.579,4.095,5.1772,5.0,5.0,5.003,1.3308,4.868
2014-05-21,22507006862,22459430866,297799722,294888620,130386891,164501729,250223726,45455883,204767843,29873517,174894326,2911102,18485493.0,13919627.0,0.0,13050763.0,222.0,2.528,3.353,3.925,4.2,5.1215,5.0,5.0,5.0026,1.3230000000000002,4.882
2014-05-22,22600534926,22507006862,344636549,341774952,167436704,174338248,251108485,45562332,205546153,29111692,176434461,2861597,24143791.0,7775269.0,0.0,13643272.0,223.0,2.51,3.419,3.919,4.203,5.0935,5.0,5.0,5.0014,1.2887,4.877
2014-05-23,22621080334,22600534926,249546195,246693653,114513174,132180479,229000787,60184458,168816329,29314656,139501673,2852542,28793597.0,10088986.0,10000000.0,11301875.0,224.0,2.53,3.405,3.908,4.0685,5.0675,5.0,5.0,5.0013,1.281,4.867
2014-05-24,22626743720,22621080334,160073254,157281426,57666965,99614461,154409868,30780112,123629756,24105065,99524691,2791828,13101159.0,6501748.0,0.0,11177205.0,224.0,2.53,3.405,3.908,4.0685,5.0675,5.0,5.0,5.0013,1.281,4.867
2014-05-25,22562682488,22626743720,166943526,164165899,67087564,97078335,231004758,45685873,185318885,32503867,152815018,2777627,21733826.0,12497423.0,0.0,11454624.0,224.0,2.53,3.405,3.908,4.0685,5.0675,5.0,5.0,5.0013,1.281,4.867
2014-05-26,22632865784,22562682488,344890868,342134083,145189089,196944994,274707572,54429404,220278168,32625021,187653147,2756785,27300907.0,15985537.0,200000.0,10942960.0,225.0,2.5025,3.195,3.822,4.1,5.0413,5.0,5.0,5.0012,1.249,4.788
2014-05-27,22609949494,22632865784,299049555,296280007,95780761,200499246,321965845,54053714,267912131,39321226,228590905,2769548,19319758.0,10194500.0,12000000.0,12539456.0,226.0,2.541,3.247,3.39,4.0,5.0197,5.0,5.0,5.0002,1.2548,4.746
2014-05-28,22470192623,22609949494,276134813,273325022,78926517,194398505,415891684,74293409,341598275,45105847,296492428,2809791,35485858.0,18938486.0,0.0,19869065.0,227.0,2.51,3.2,3.33,3.94,4.9768,5.0,5.0,5.0001,1.2597,4.712
2014-05-29,22476914686,22470192623,320549863,317800649,135204257,182596392,313827800,54803737,259024063,44776734,214247329,2749214,25441561.0,13327616.0,200000.0,15834560.0,228.0,2.51,3.215,3.349,3.877,4.9418,4.999,5.0,5.0001,1.2381,4.684
2014-05-30,22390660208,22476914686,226547701,223709770,95966704,127743066,312802179,52407524,260394655,39094557,221300098,2837931,21152886.0,18218269.0,2000000.0,11036369.0,229.0,2.57,3.23,3.324,3.861,4.925,4.9998,5.0,5.0,1.2790000000000001,4.683
2014-05-31,22394621814,22390660208,146823669,144080973,52834335,91246638,142862063,23557943,119304120,41776332,77527788,2742696,11247495.0,3221185.0,0.0,9089263.0,229.0,2.57,3.23,3.324,3.861,4.925,4.9998,5.0,5.0,1.2790000000000001,4.683
2014-06-01,22428282336,22394621814,183489775,180762669,55046557,125716112,149829253,33825537,116003716,32936169,83067547,2727106,16044694.0,6016423.0,0.0,11764420.0,229.0,2.57,3.23,3.324,3.861,4.925,4.9998,5.0,5.0,1.2790000000000001,4.683
2014-06-02,22416092232,22428282336,158219402,155516287,48900709,106615578,170409506,38668393,131741113,42274603,89466510,2703115,14726755.0,12756543.0,0.0,11185095.0,229.0,2.57,3.23,3.324,3.861,4.925,4.9998,5.0,5.0,1.2790000000000001,4.683
2014-06-03,22301357112,22416092232,270887462,268143582,83629149,184514433,385622582,55464815,330157767,42540883,287616884,2743880,27864412.0,11417502.0,3000000.0,13182901.0,230.0,2.521,3.18,3.38,3.716,4.883,4.9958,4.998,5.0,1.2473,4.656000000000001
2014-06-04,22271839018,22301357112,274460744,271682147,71225908,200456239,303978838,54260600,249718238,28188601,221529637,2778597,25227583.0,8072245.0,0.0,20960772.0,231.0,2.561,3.152,3.334,3.931,4.855,4.9868,4.9967,5.0,1.2611,4.657
2014-06-05,22296236140,22271839018,380042567,377223821,128566594,248657227,355645445,89226348,266419097,62031088,204388009,2818746,24584802.0,21082940.0,33700000.0,9858606.0,232.0,2.576,3.07,3.448,3.878,4.8393,4.9733,4.9967,5.0,1.2818,4.681
2014-06-06,22322787973,22296236140,301413900,298679366,111954129,186725237,274862067,55681761,219180306,55267471,163912835,2734534,24165597.0,13959940.0,5000000.0,12556224.0,233.0,2.5808,3.15,3.442,3.984,4.8259,4.9609,4.9959,5.0,1.2476,4.664
2014-06-07,22364386391,22322787973,187801995,185054361,70098919,114955442,146203577,38318930,107884647,37280499,70604148,2747634,20423178.0,4423930.0,1500000.0,11971822.0,233.0,2.5808,3.15,3.442,3.984,4.8259,4.9609,4.9959,5.0,1.2476,4.664
2014-06-08,22497032328,22364386391,302171269,299436270,185513854,113922416,169525332,36440988,133084344,36849979,96234365,2734999,10826548.0,12990744.0,0.0,12623696.0,233.0,2.5808,3.15,3.442,3.984,4.8259,4.9609,4.9959,5.0,1.2476,4.664
2014-06-09,22575626550,22497032328,366114374,363337491,145389158,217948333,287520152,52422163,235097989,36264508,198833481,2776883,19511066.0,17257000.0,500000.0,15154097.0,234.0,2.58,3.13,3.158,4.161,4.8181,4.9603,4.9938,5.0,1.2719,4.698
2014-06-10,22631468122,22575626550,354031597,351275811,104890851,246384960,298190025,68280581,229909444,43253854,186655590,2755786,16761012.0,21113167.0,11000000.0,19406402.0,235.0,2.57,3.13,3.132,4.159,4.8095,4.9615,4.9946,5.0,1.2628,4.706
2014-06-11,22713002035,22631468122,327661453,324824312,114930250,209894062,246127540,80918118,165209422,22604403,142605019,2837141,23969444.0,32366329.0,150000.0,24432345.0,236.0,2.592,3.15,3.223,4.381,4.7941,4.9606,4.9926,5.0,1.2723,4.712
2014-06-12,22808899335,22713002035,332365185,329539251,112210380,217328871,236467885,75247726,161220159,44402104,116818055,2825934,22460256.0,11796443.0,30000000.0,10991027.0,237.0,2.597,3.154,3.25,4.719,4.7862,4.9601,4.9925,5.0,1.2625,4.702
2014-06-13,22639024065,22808899335,216923770,214045806,51040378,163005428,386799040,56967852,329831188,44823413,285007775,2877964,21637898.0,21161652.0,1500000.0,12668302.0,238.0,2.6,3.04,3.259,4.814,4.7794,4.96,4.9935,5.0,1.2801,4.718999999999999
2014-06-14,22590682404,22639024065,181574530,178733395,59184032,119549363,229916191,29831979,200084212,36576832,163507380,2841135,9471664.0,8120370.0,2000000.0,10239945.0,238.0,2.6,3.04,3.259,4.814,4.7794,4.96,4.9935,5.0,1.2801,4.718999999999999
2014-06-15,22640138774,22590682404,166080126,163263976,41933752,121330224,116623756,30194033,86429723,25396456,61033267,2816150,16127815.0,5219992.0,100000.0,8746226.0,238.0,2.6,3.04,3.259,4.814,4.7794,4.96,4.9935,5.0,1.2801,4.718999999999999
2014-06-16,22535097769,22640138774,387308484,384522342,120664648,263857694,492349489,58644674,433704815,28981923,404722892,2786142,13282813.0,22429553.0,2000000.0,20932308.0,239.0,2.6,3.006,3.237,5.058,4.7777,4.951,4.9889,5.0,1.2581,4.734
2014-06-17,22302888239,22535097769,270350693,267626738,87121582,180505156,502560223,46759557,455800666,37324504,418476162,2723955,9551608.0,21318782.0,0.0,15889167.0,240.0,2.6,3.031,3.568,4.941,4.7825,4.9347,4.9867,5.0,1.2436,4.724
2014-06-18,22216230718,22302888239,335262709,332565225,131652090,200913135,421920230,43682078,378238152,57752818,320485334,2697484,11501811.0,12388710.0,2000000.0,17791557.0,241.0,2.639,3.074,4.511,4.972,4.7767,4.9277,4.9842,5.0,1.2244,4.697
2014-06-19,22269883545,22216230718,338609087,335998519,177935245,158063274,284956260,45420417,239535843,47067117,192468726,2610568,15782426.0,14463276.0,0.0,15174715.0,242.0,2.698,3.093,4.03,5.233,4.7692,4.9216,4.9805,5.0,1.193,4.66
2014-06-20,22234883010,22269883545,251582530,248879061,71879168,176999893,286583065,44882716,241700349,35442161,206258188,2703469,15957518.0,16500635.0,0.0,12424563.0,243.0,2.759,3.402,4.578,5.435,4.7751,4.9139,4.9796,5.0,1.2332,4.6339999999999995
2014-06-21,22181878421,22234883010,177999186,175409451,55976436,119433015,231003775,54561773,176442002,24826865,151615137,2589735,20497072.0,19444316.0,1500000.0,13120385.0,243.0,2.759,3.402,4.578,5.435,4.7751,4.9139,4.9796,5.0,1.2332,4.6339999999999995
2014-06-22,21967773588,22181878421,147180819,144611888,41425751,103186137,361285652,49236322,312049330,31032946,281016384,2568931,22699462.0,10857518.0,0.0,15679342.0,243.0,2.759,3.402,4.578,5.435,4.7751,4.9139,4.9796,5.0,1.2332,4.6339999999999995
2014-06-23,21826221634,21967773588,232227670,229685312,80147560,149537752,373779624,47744484,326035140,31937942,294097198,2542358,21190473.0,7806701.0,1151200.0,17596110.0,244.0,2.755,3.448,4.603,5.526,4.7761,4.9136,4.9777,5.0,1.1818,4.494
2014-06-24,21643200891,21826221634,245450766,242915326,78189756,164725570,428471509,80582484,347889025,41106958,306782067,2535440,33134967.0,23484154.0,7000000.0,16963363.0,245.0,2.971,3.483,4.697,5.638,4.7679,4.9081,4.9747,5.0,1.1875,4.463
2014-06-25,21360568161,21643200891,264663201,262227341,79464890,182762451,547295931,79096124,468199807,60137721,408062086,2435860,32102563.0,20284275.0,6100000.0,20609286.0,246.0,2.995,3.464,5.06,5.492,4.7582,4.9059,4.9722,5.0,1.1376,4.416
2014-06-26,21239454091,21360568161,297628039,295269783,93994567,201275216,418742109,66292846,352449263,41056937,311392326,2358256,24558517.0,19713935.0,7268000.0,14752394.0,247.0,2.974,3.552,5.147,5.035,4.7478,4.9033,4.9677,5.0,1.1175,4.375
2014-06-27,21104292442,21239454091,264282703,261895380,122909502,138985878,399444352,44685853,354758499,49196393,305562106,2387323,22745943.0,11107307.0,1000500.0,9832103.0,248.0,2.885,3.781,5.184,5.012,4.7482,4.901,4.9664,5.0,1.1403,4.324
2014-06-28,20974718367,21104292442,153826161,151482880,56997812,94485068,283400236,59857221,223543015,27109313,196433702,2343281,24745110.0,16647085.0,2000000.0,16465026.0,248.0,2.885,3.781,5.184,5.012,4.7482,4.901,4.9664,5.0,1.1403,4.324
2014-06-29,20872349108,20974718367,158801540,156485272,41574314,114910958,261170799,48105024,213065775,28779118,184286657,2316268,21547461.0,15749488.0,0.0,10808075.0,248.0,2.885,3.781,5.184,5.012,4.7482,4.901,4.9664,5.0,1.1403,4.324
2014-06-30,20749855426,20872349108,334054112,331761678,76383658,255378020,456547794,71593561,384954233,71086987,313867246,2292434,28418810.0,19913449.0,3600000.0,19661302.0,249.0,2.913,3.867,5.394,5.004,4.7499,4.9007,4.9658,5.0,1.1234,4.235
2014-07-01,20760119638,20749855426,384428753,382080337,84648368,297431969,374164541,76352332,297812209,57115920,240696289,2348416,28910252.0,16925356.0,7651800.0,22864924.0,250.0,3.017,4.421,4.711,5.001,4.7499,4.9004,4.9654,5.0,1.1619,4.221
2014-07-02,20815724506,20760119638,384555819,382237475,124686586,257550889,328950951,54590504,274360447,56038073,218322374,2318344,18059546.0,18143286.0,1900000.0,16487672.0,251.0,3.02,3.927,4.089,4.891,4.75,4.9001,4.9672,5.0,1.1374,4.221
2014-07-03,20824609369,20815724506,297894643,295575412,117330905,178244507,289009780,72000589,217009191,34501699,182507492,2319231,22139287.0,22945630.0,10200000.0,16715672.0,252.0,2.96,3.393,3.5,4.132,4.75,4.9001,4.9654,5.0,1.1345,4.23
2014-07-04,20771764657,20824609369,211649838,209348291,47444497,161903794,264494550,58159245,206335305,40925658,165409647,2301547,19532073.0,24825799.0,500000.0,13301373.0,253.0,2.94,3.42,3.5,4.063,4.75,4.9,4.9652,5.0,1.1211,4.22
2014-07-05,20668613315,20771764657,169383796,167078182,63429360,103648822,272535138,46886012,225649126,43470834,182178292,2305614,23365091.0,11320687.0,0.0,12200234.0,253.0,2.94,3.42,3.5,4.063,4.75,4.9,4.9652,5.0,1.1211,4.22
2014-07-06,20672651582,20668613315,199569025,197287738,58678071,138609667,195530758,42738122,152792636,28637443,124155193,2281287,19903631.0,10583093.0,700000.0,11551398.0,253.0,2.94,3.42,3.5,4.063,4.75,4.9,4.9652,5.0,1.1211,4.22
2014-07-07,20627221860,20672651582,272182847,269914951,66462026,203452925,317612569,63467426,254145143,59847001,194298142,2267896,29408173.0,20106871.0,941198.0,13011184.0,254.0,2.952,3.421,3.446,4.047,4.7495,4.9,4.9641,5.0,1.1216,4.215
2014-07-08,20511008900,20627221860,224240103,221992553,61280454,160712099,340453063,57017247,283435816,62162605,221273211,2247550,24832472.0,12278882.0,8100000.0,11805893.0,255.0,3.253,3.52,3.782,4.046,4.75,4.9,4.9607,5.0,1.1183,4.191
2014-07-09,20519371574,20511008900,278005555,275740766,100407528,175333238,269642881,44472135,225170746,49920081,175250665,2264789,14799455.0,16126216.0,1400000.0,12146464.0,256.0,3.351,3.736,4.023,4.1,4.749,4.9,4.9628,5.0,1.1169,4.18
2014-07-10,20476458255,20519371574,283095921,280808940,76920429,203888511,326009240,71503879,254505361,49578125,204927236,2286981,24571089.0,24395618.0,8000000.0,14537172.0,257.0,3.3,3.711,4.069,4.1545,4.7438,4.9,4.9608,5.0,1.1305,4.178
2014-07-11,20445078528,20476458255,208671021,206409952,49110187,157299765,240050748,37145193,202905555,50829376,152076179,2261069,14775279.0,8653271.0,0.0,13716643.0,258.0,3.285,3.723,4.153,4.163,4.7423,4.9,4.9616,5.0,1.12,4.177
2014-07-12,20473641383,20445078528,177644343,175393033,75425505,99967528,149081488,40240325,108841163,27984837,80856326,2251310,21146747.0,10132362.0,300000.0,8661216.0,258.0,3.285,3.723,4.153,4.163,4.7423,4.9,4.9616,5.0,1.12,4.177
2014-07-13,20453941278,20473641383,179759885,177520917,66176740,111344177,199459990,37261668,162198322,30133300,132065022,2238968,15324901.0,10994549.0,0.0,10942218.0,258.0,3.285,3.723,4.153,4.163,4.7423,4.9,4.9616,5.0,1.12,4.177
2014-07-14,20423985523,20453941278,254797524,252543988,88262667,164281321,284753279,52533556,232219723,23824522,208395201,2253536,22728966.0,16719105.0,1490000.0,11595485.0,259.0,3.255,3.7035,4.299,4.313,4.7461,4.9001,4.9618,5.0,1.1284,4.172
2014-07-15,20497073353,20423985523,334810012,332554408,116023440,216530968,261722182,59644641,202077541,27658319,174419222,2255604,28312129.0,14456627.0,810000.0,16065885.0,260.0,3.218,3.646,4.18,4.417,4.7485,4.9001,4.9618,5.0,1.1341,4.181
2014-07-16,20657187545,20497073353,394890140,392596651,170324655,222271996,234775948,59605459,175170489,31190665,143979824,2293489,24049651.0,15112325.0,500000.0,19943483.0,261.0,3.2472,3.65,4.391,4.492,4.7487,4.9,4.9608,5.0,1.1377,4.192
2014-07-17,20611919440,20657187545,253011280,250755039,73862280,176892759,298279385,104717040,193562345,32255120,161307225,2256241,20409316.0,22169561.0,49800000.0,12338163.0,262.0,3.2465,3.641,4.4,4.588,4.7448,4.9,4.9616,5.0,1.1133,4.183
2014-07-18,20612207748,20611919440,208959595,206677714,62723841,143953873,208671287,60675775,147995512,20805733,127189779,2281881,30533659.0,19912408.0,202000.0,10027708.0,263.0,3.245,3.651,4.988,4.73,4.7467,4.9,4.9616,5.0,1.1215,4.184
2014-07-19,20667061488,20612207748,210318023,208048192,108711944,99336248,155464283,31681543,123782740,15507755,108274985,2269831,14009478.0,8324384.0,0.0,9347681.0,263.0,3.245,3.651,4.988,4.73,4.7467,4.9,4.9616,5.0,1.1215,4.184
2014-07-20,20669047956,20667061488,176449304,174193562,58331429,115862133,174462836,38768091,135694745,29227103,106467642,2255742,17115054.0,9327176.0,0.0,12325861.0,263.0,3.245,3.651,4.988,4.73,4.7467,4.9,4.9616,5.0,1.1215,4.184
2014-07-21,20612945071,20669047956,378088594,375786236,188430013,187356223,434191479,54882116,379309363,39353239,339956124,2302358,26869340.0,13077930.0,10000.0,14924846.0,264.0,3.318,3.694,4.991,5.03,4.7467,4.9,4.9607,5.0,1.1428,4.192
2014-07-22,20486985781,20612945071,243084133,240854173,90700778,150153395,369043423,98632913,270410510,31942129,238468381,2229960,30137941.0,13547269.0,41501000.0,13446703.0,265.0,3.253,3.848,5.159,5.115,4.7465,4.9,4.9605,5.0,1.1166,4.1819999999999995
2014-07-23,20444094598,20486985781,265461894,263182434,114917590,148264844,308353077,56660566,251692511,45278350,206414161,2279460,31464788.0,10539421.0,1540000.0,13116357.0,266.0,3.295,4.202,5.15,5.271,4.7525,4.9,4.9604,5.0,1.1266,4.176
2014-07-24,20373516647,20444094598,277044480,274781793,106071922,168709871,347622431,70641581,276980850,42338290,234642560,2262687,28540166.0,17667384.0,12800000.0,11634031.0,267.0,3.313,4.101,5.273,5.278,4.7465,4.9,4.9604,5.0,1.1215,4.181
2014-07-25,20292282944,20373516647,181641088,179379699,63336575,116043124,262874791,70693254,192181537,35509270,156672267,2261389,22920147.0,16751760.0,16901000.0,14120347.0,268.0,3.348,4.081,4.821,4.95,4.7465,4.9,4.9603,5.0,1.1244,4.1819999999999995
2014-07-26,20137897656,20292282944,128268053,126012255,54186270,71825985,282653341,51725809,230927532,29639068,201288464,2255798,18138384.0,18713087.0,1500000.0,13374338.0,268.0,3.348,4.081,4.821,4.95,4.7465,4.9,4.9603,5.0,1.1244,4.1819999999999995
2014-07-27,20122693255,20137897656,151406251,149177264,80780644,68396620,166610652,50588888,116021764,35246941,80774823,2228987,18664858.0,20466300.0,0.0,11457730.0,268.0,3.348,4.081,4.821,4.95,4.7465,4.9,4.9603,5.0,1.1244,4.1819999999999995
2014-07-28,20148469102,20122693255,371762756,369535407,214062345,155473062,345986909,51656382,294330527,30372288,263958239,2227349,25389413.0,11015923.0,2200000.0,13051046.0,269.0,3.304,4.013,4.628,4.398,4.7465,4.9,4.9602,5.0,1.1276,4.184
2014-07-29,20073082045,20148469102,228093046,225904582,85325202,140579380,303480103,41066657,262413446,23956498,238456948,2188464,12428323.0,12717118.0,3000000.0,12921216.0,270.0,3.2503,3.907,4.6,4.141,4.739,4.9,4.9601,5.0,1.1156,4.183
2014-07-30,20032881601,20073082045,209917272,207702516,64808558,142893958,250117716,53868111,196249605,25897612,170351993,2214756,19730768.0,8862240.0,12100000.0,13175103.0,271.0,3.2502,3.914,4.525,4.144,4.7316,4.9,4.959,5.0,1.1162,4.178
2014-07-31,19947416138,20032881601,191728916,189518581,56346135,133172446,277194379,53122061,224072318,33843617,190228701,2210335,15792314.0,13775873.0,7400000.0,16153874.0,272.0,3.204,3.98,3.979,4.2,4.7215,4.9,4.9588,5.0,1.1156,4.1739999999999995
2014-08-01,20069760015,19947416138,374884735,372678958,135715324,236963634,252540858,84227601,168313257,31013339,137299918,2205777,32731901.0,29456809.0,5100000.0,16938891.0,273.0,3.196,3.907,4.047,4.21,4.7149,4.9,4.9558,5.0,1.1173,4.171
2014-08-02,20086601920,20069760015,189092130,186889349,78478704,108410645,172250225,41930977,130319248,34359098,95960150,2202781,20388807.0,7149562.0,0.0,14392608.0,273.0,3.196,3.907,4.047,4.21,4.7149,4.9,4.9558,5.0,1.1173,4.171
2014-08-03,20133302100,20086601920,173825397,171634865,62120575,109514290,127125217,40828571,86296646,23794226,62502420,2190532,17238818.0,9473820.0,0.0,14115933.0,273.0,3.196,3.907,4.047,4.21,4.7149,4.9,4.9558,5.0,1.1173,4.171
2014-08-04,20141035460,20133302100,330640884,328404472,120904646,207499826,322907524,78477516,244430008,43969481,200460527,2236412,31529783.0,12074693.0,16500000.0,18373040.0,274.0,3.182,3.842,4.086,4.105,4.7081,4.9,4.9551,5.0,1.1451,4.176
2014-08-05,20314109791,20141035460,394780870,392589715,164705556,227884159,221706539,74040082,147666457,35974791,111691666,2191155,26591098.0,14768284.0,16410000.0,16270700.0,275.0,3.145,3.738,3.998,4.056,4.7049,4.899,4.9543,5.0,1.1203,4.178
2014-08-06,20320584213,20314109791,288821016,286598298,127641624,158956674,282346594,56127546,226219048,26815416,199403632,2222718,21291913.0,19643544.0,1700000.0,13492089.0,276.0,3.051,3.559,3.9799,4.104,4.6982,4.8949,4.9505,5.0,1.1162,4.178
2014-08-07,20314571173,20320584213,247646474,245405658,61837508,183568150,253659514,60050774,193608740,41675089,151933651,2240816,15410546.0,28941346.0,4300000.0,11398882.0,277.0,3.04,3.511,3.977,4.161,4.6941,4.8901,4.9491,5.0,1.1186,4.18
2014-08-08,20236826133,20314571173,233903717,231616935,54035416,177581519,311648757,67603275,244045482,43071065,200974417,2286782,19163226.0,18669835.0,14800000.0,14970214.0,278.0,3.001,3.457,3.693,4.101,4.6921,4.8912,4.9465,5.0,1.1397,4.192
2014-08-09,20233477189,20236826133,160262764,158028887,44663092,113365795,163611708,50648384,112963324,30028086,82935238,2233877,18520392.0,22698987.0,0.0,9429005.0,278.0,3.001,3.457,3.693,4.101,4.6921,4.8912,4.9465,5.0,1.1397,4.192
2014-08-10,20303102834,20233477189,259534870,257313208,76427498,180885710,189909225,55462188,134447037,24599903,109847134,2221662,23077228.0,20717590.0,1000.0,11666370.0,278.0,3.001,3.457,3.693,4.101,4.6921,4.8912,4.9465,5.0,1.1397,4.192
2014-08-11,20216049969,20303102834,331550471,329331370,102021228,227310142,418603336,60850688,357752648,40952695,316799953,2219101,17201769.0,23642952.0,2600000.0,17405967.0,279.0,2.955,3.42,3.616,4.166,4.6916,4.8914,4.9467,5.0,1.1235,4.178999999999999
2014-08-12,20164788784,20216049969,258493673,256311879,101592768,154719111,309754858,48112423,261642435,46559208,215083227,2181794,15814510.0,14362076.0,1811000.0,16124837.0,280.0,2.916,3.39,3.586,4.154,4.6905,4.8904,4.9457,5.0,1.1146,4.176
2014-08-13,20122319886,20164788784,261506619,259291103,99082207,160208896,303975517,55277175,248698342,22934891,225763451,2215516,25161278.0,14424643.0,3000000.0,12691254.0,281.0,2.892,3.36,3.579,4.22,4.6882,4.8871,4.9442,5.0,1.1138,4.175
2014-08-14,20168083115,20122319886,257702660,255446130,113303891,142142239,211939431,38957777,172981654,45402310,127579344,2256530,16476951.0,10331366.0,0.0,12149460.0,282.0,2.888,3.353,3.598,4.233,4.6834,4.8851,4.9391,5.0,1.1367,4.185
2014-08-15,20176118728,20168083115,244551620,242336052,83330178,159005874,236516007,47779700,188736307,38085265,150651042,2215568,10680763.0,18761561.0,0.0,18337376.0,283.0,2.889,3.346,3.509,4.174,4.6811,4.8844,4.9387,5.0,1.1129,4.17
2014-08-16,20171964125,20176118728,215059736,212842047,55705873,157136174,219214339,41164497,178049842,38363021,139686821,2217689,17021673.0,12925634.0,5000.0,11212190.0,283.0,2.889,3.346,3.509,4.174,4.6811,4.8844,4.9387,5.0,1.1129,4.17
2014-08-17,20182378312,20171964125,149978271,147777403,42442478,105334925,139564084,40085759,99478325,28147769,71330556,2200868,7738809.0,19041259.0,0.0,13305691.0,283.0,2.889,3.346,3.509,4.174,4.6811,4.8844,4.9387,5.0,1.1129,4.17
2014-08-18,20221708442,20182378312,298499146,296308680,84557465,211751215,259169016,55584679,203584337,52598310,150986027,2190466,14850247.0,15566826.0,0.0,25167606.0,284.0,2.858,3.276,3.51,4.31,4.6805,4.881,4.9382,5.0,1.1122,4.159
2014-08-19,20233180538,20221708442,266401973,264196458,108645683,155550775,254929877,74648794,180281083,33028860,147252223,2205515,29600198.0,11467928.0,2040000.0,31540668.0,285.0,2.835,3.237,3.477,4.363,4.6791,4.8801,4.9382,5.0,1.122,4.163
2014-08-20,20339106448,20233180538,308378692,306133606,134420983,171712623,202452782,73775504,128677278,28451096,100226182,2245086,24165679.0,17235710.0,1650000.0,30724115.0,286.0,2.833,3.246,3.462,4.286,4.6804,4.88,4.939,5.0,1.124,4.169
2014-08-21,20370906609,20339106448,251763517,249525712,85818188,163707524,219963356,70493107,149470249,18207816,131262433,2237805,28669192.0,10979534.0,420000.0,30424381.0,287.0,2.848,3.312,3.98,4.238,4.6786,4.88,4.94,5.0,1.1168,4.158
2014-08-22,20437873459,20370906609,246316056,244094164,97266695,146827469,179349206,74322748,105026458,13620285,91406173,2221892,31216803.0,10023388.0,210000.0,32872557.0,288.0,2.843,3.369,3.942,4.2039,4.6764,4.88,4.9398,5.0,1.104,4.1530000000000005
2014-08-23,20379907955,20437873459,141412027,139192764,42797254,96395510,199377531,63911142,135466389,28401389,107065000,2219263,22294743.0,13156888.0,100000.0,28359511.0,288.0,2.843,3.369,3.942,4.2039,4.6764,4.88,4.9398,5.0,1.104,4.1530000000000005
2014-08-24,20319023288,20379907955,130195484,127991522,43143686,84847836,191080151,52046987,139033164,15507226,123525938,2203962,19194293.0,12132444.0,900000.0,19820250.0,288.0,2.843,3.369,3.942,4.2039,4.6764,4.88,4.9398,5.0,1.104,4.1530000000000005
2014-08-25,20316184100,20319023288,309574223,307361141,92282025,215079116,312413411,96656751,215756660,27159616,188597044,2213082,35518047.0,11637924.0,1500000.0,48000780.0,289.0,2.841,3.363,3.886,4.199,4.6758,4.88,4.9394,5.0,1.1122,4.138999999999999
2014-08-26,20337650626,20316184100,306945089,304747497,124460527,180286970,285478563,88192408,197286155,14814754,182471401,2197592,24879168.0,16497042.0,0.0,46816198.0,290.0,2.823,3.318,3.876,4.2,4.6695,4.873,4.9363,5.0,1.1085,4.131
2014-08-27,20171681280,20337650626,302194801,299973007,102372488,197600519,468164147,107408171,360755976,20966937,339789039,2221794,34053795.0,19426628.0,6000000.0,47927748.0,291.0,2.861,3.349,3.9828,4.178,4.668,4.8729,4.9365,5.0,1.1079,4.123
2014-08-28,20118870170,20171681280,245082751,242887647,56734596,186153051,297893861,98896299,198997562,15732174,183265388,2195104,25606866.0,25743565.0,4000000.0,43545868.0,292.0,2.876,3.538,4.05,4.133,4.6689,4.8727,4.9373,5.0,1.1043,4.1160000000000005
2014-08-29,20112668503,20118870170,267554713,265335172,87236719,178098453,273756380,103967802,169788578,27979322,141809256,2219541,31191914.0,30028785.0,40000.0,42707103.0,293.0,2.908,3.672,4.199,4.114,4.6659,4.8726,4.9364,5.0,1.1169,4.123
2014-08-30,20116003141,20112668503,199708772,197483663,84798329,112685334,196374134,70813897,125560237,32453185,93107052,2225109,18388231.0,14302883.0,100000.0,38022783.0,293.0,2.908,3.672,4.199,4.114,4.6659,4.8726,4.9364,5.0,1.1169,4.123
2014-08-31,20098150321,20116003141,275090213,272878511,148125324,124753187,292943033,106464912,186478121,24503950,161974171,2211702,23745525.0,31675561.0,0.0,51043826.0,293.0,2.908,3.672,4.199,4.114,4.6659,4.8726,4.9364,5.0,1.1169,4.123
